Year,Stunting_Rate,YoY_Change
1990,48.7,
1993,43.8,-4.900000000000006
2003,42.5,-1.2999999999999972
2008,,
2010,,
2011,35.8,
2013,,
2014,33.6,
2015,33.0,-0.6000000000000014
2016,43.6,10.600000000000001
2018,36.8,-6.800000000000004
2020,31.5,-5.299999999999997
2021,33.8,2.299999999999997
